{
    "name": "sixx-contentmod",
    "title": "DM Demi's Module",
    "author": "DM Demi",
    "description": "Demi's Personal Module for DnD",
	"version": "1.0",
	"minimumCoreVersion": "9",
	"compatibleCoreVersion": "9",
	"url": "https://github.com/demiseane/sixx-mod/edit/main/module.json"
	"manifest": "https://raw.githubusercontent.com/demiseane/sixx-mod/main/module.json"
    "packs": [
        {
            "name": "transfer",
            "label": "transfer",
            "type": "Actor",
            "path": "./packs/transfer.db",
            "entity": "Actor",
        }
    ]
}
